{
  "0": {
    "precision": 1.0,
    "recall": 0.9901823281907434,
    "f1-score": 0.9950669485553206,
    "support": 713.0
  },
  "1": {
    "precision": 0.9761904761904762,
    "recall": 1.0,
    "f1-score": 0.9879518072289156,
    "support": 287.0
  },
  "accuracy": 0.993,
  "macro avg": {
    "precision": 0.9880952380952381,
    "recall": 0.9950911640953717,
    "f1-score": 0.9915093778921181,
    "support": 1000.0
  },
  "weighted avg": {
    "precision": 0.9931666666666668,
    "recall": 0.993,
    "f1-score": 0.9930249029946424,
    "support": 1000.0
  }
}