{
  "model_name": "Random Forest",
  "accuracy": 0.993,
  "precision": 0.9761904761904762,
  "recall": 1.0,
  "f1_score": 0.9879518072289156,
  "roc_auc": 0.9994771075741212,
  "pr_auc": 0.9986462162303771,
  "train_roc_auc": 0.99993793347202,
  "confusion_matrix": [
    [
      706,
      7
    ],
    [
      0,
      287
    ]
  ],
  "overfit_gap": 0.0004608258978987534,
  "cv_scores": [
    0.9974523264683448,
    0.9997170366858114,
    0.9989905092574889,
    0.9996940937143906,
    0.9996023218287078
  ],
  "cv_mean": 0.9990912575909487,
  "cv_std": 0.0008616777789573529
}