{
  "0": {
    "precision": 0.9971711456859972,
    "recall": 0.9887798036465638,
    "f1-score": 0.9929577464788732,
    "support": 713.0
  },
  "1": {
    "precision": 0.9726962457337884,
    "recall": 0.9930313588850174,
    "f1-score": 0.9827586206896551,
    "support": 287.0
  },
  "accuracy": 0.99,
  "macro avg": {
    "precision": 0.9849336957098929,
    "recall": 0.9909055812657905,
    "f1-score": 0.9878581835842641,
    "support": 1000.0
  },
  "weighted avg": {
    "precision": 0.9901468493997133,
    "recall": 0.99,
    "f1-score": 0.9900305973773678,
    "support": 1000.0
  }
}