{
  "model_name": "XGBoost",
  "accuracy": 0.99,
  "precision": 0.9726962457337884,
  "recall": 0.9930313588850174,
  "f1_score": 0.9827586206896551,
  "roc_auc": 0.9995943918565613,
  "pr_auc": 0.9989807013456797,
  "train_roc_auc": 1.0,
  "confusion_matrix": [
    [
      705,
      8
    ],
    [
      2,
      285
    ]
  ],
  "overfit_gap": 0.0004056081434387071,
  "cv_scores": [
    0.9980472921434018,
    0.9997476273143722,
    0.9990593381717511,
    0.999709389028671,
    0.9996711507429699
  ],
  "cv_mean": 0.9992469594802333,
  "cv_std": 0.0006509763542938507
}