{
  "0": {
    "precision": 0.9971631205673759,
    "recall": 0.9859747545582047,
    "f1-score": 0.9915373765867419,
    "support": 713.0
  },
  "1": {
    "precision": 0.9661016949152542,
    "recall": 0.9930313588850174,
    "f1-score": 0.979381443298969,
    "support": 287.0
  },
  "accuracy": 0.988,
  "macro avg": {
    "precision": 0.981632407741315,
    "recall": 0.989503056721611,
    "f1-score": 0.9854594099428555,
    "support": 1000.0
  },
  "weighted avg": {
    "precision": 0.988248491405217,
    "recall": 0.988,
    "f1-score": 0.988048623733151,
    "support": 1000.0
  }
}