{
  "model_name": "Logistic Regression",
  "accuracy": 0.988,
  "precision": 0.9661016949152542,
  "recall": 0.9930313588850174,
  "f1_score": 0.979381443298969,
  "roc_auc": 0.9994331259682062,
  "pr_auc": 0.9985767548275363,
  "train_roc_auc": 0.9992894452658831,
  "confusion_matrix": [
    [
      703,
      10
    ],
    [
      2,
      285
    ]
  ],
  "overfit_gap": -0.00014368070232306795,
  "cv_scores": [
    0.9979328756674294,
    0.9996940937143906,
    0.9987381365718612,
    0.9998241038857746,
    0.9996023218287078
  ],
  "cv_mean": 0.9991583063336327,
  "cv_std": 0.0007219040385069058
}